# 特征一,特征二,特征三,原标签,分类结果
40920.000000, 8.326976, 0.953952, 3, 3
14488.000000, 7.153469, 1.673904, 2, 2
26052.000000, 1.441871, 0.805124, 1, 1
75136.000000, 13.147394, 0.428964, 1, 1
38344.000000, 1.669788, 0.134296, 1, 1
72993.000000, 10.141740, 1.032955, 1, 1
35948.000000, 6.830792, 1.213192, 3, 3
42666.000000, 13.276369, 0.543880, 3, 3
67497.000000, 8.631577, 0.749278, 1, 1
35483.000000, 12.273169, 1.508053, 3, 3
50242.000000, 3.723498, 0.831917, 1, 1
63275.000000, 8.385879, 1.669485, 1, 1
5569.000000, 4.875435, 0.728658, 2, 2
51052.000000, 4.680098, 0.625224, 1, 1
77372.000000, 15.299570, 0.331351, 1, 1
43673.000000, 1.889461, 0.191283, 1, 1
61364.000000, 7.516754, 1.269164, 1, 1
69673.000000, 14.239195, 0.261333, 1, 1
15669.000000, 0.000000, 1.250185, 2, 2
28488.000000, 10.528555, 1.304844, 3, 3
6487.000000, 3.540265, 0.822483, 2, 2
37708.000000, 2.991551, 0.833920, 1, 1
22620.000000, 5.297865, 0.638306, 2, 3
28782.000000, 6.593803, 0.187108, 3, 3
19739.000000, 2.816760, 1.686209, 2, 2
36788.000000, 12.458258, 0.649617, 3, 3
5741.000000, 0.000000, 1.656418, 2, 2
28567.000000, 9.968648, 0.731232, 3, 3
6808.000000, 1.364838, 0.640103, 2, 2
41611.000000, 0.230453, 1.151996, 1, 1
36661.000000, 11.865402, 0.882810, 3, 3
43605.000000, 0.120460, 1.352013, 1, 1
15360.000000, 8.545204, 1.340429, 3, 3
63796.000000, 5.856649, 0.160006, 1, 1
10743.000000, 9.665618, 0.778626, 2, 3
70808.000000, 9.778763, 1.084103, 1, 1
72011.000000, 4.932976, 0.632026, 1, 1
5914.000000, 2.216246, 0.587095, 2, 2
14851.000000, 14.305636, 0.632317, 3, 3
33553.000000, 12.591889, 0.686581, 3, 3
44952.000000, 3.424649, 1.004504, 1, 1
17934.000000, 0.000000, 0.147573, 2, 2
27738.000000, 8.533823, 0.205324, 3, 3
29290.000000, 9.829528, 0.238620, 3, 3
42330.000000, 11.492186, 0.263499, 3, 3
36429.000000, 3.570968, 0.832254, 1, 1
39623.000000, 1.771228, 0.207612, 1, 1
32404.000000, 3.513921, 0.991854, 1, 1
27268.000000, 4.398172, 0.975024, 1, 1
5477.000000, 4.276823, 1.174874, 2, 2
14254.000000, 5.946014, 1.614244, 2, 2
68613.000000, 13.798970, 0.724375, 1, 1
41539.000000, 10.393591, 1.663724, 3, 3
7917.000000, 3.007577, 0.297302, 2, 2
21331.000000, 1.031938, 0.486174, 2, 2
8338.000000, 4.751212, 0.064693, 2, 2
5176.000000, 3.692269, 1.655113, 2, 2
18983.000000, 10.448091, 0.267652, 3, 3
68837.000000, 10.585786, 0.329557, 1, 1
13438.000000, 1.604501, 0.069064, 2, 2
48849.000000, 3.679497, 0.961466, 1, 1
12285.000000, 3.795146, 0.696694, 2, 2
7826.000000, 2.531885, 1.659173, 2, 2
5565.000000, 9.733340, 0.977746, 2, 3
10346.000000, 6.093067, 1.413798, 2, 2
1823.000000, 7.712960, 1.054927, 2, 2
9744.000000, 11.470364, 0.760461, 3, 3
16857.000000, 2.886529, 0.934416, 2, 2
39336.000000, 10.054373, 1.138351, 3, 3
65230.000000, 9.972470, 0.881876, 1, 1
2463.000000, 2.335785, 1.366145, 2, 2
27353.000000, 11.375155, 1.528626, 3, 3
16191.000000, 0.000000, 0.605619, 2, 2
12258.000000, 4.126787, 0.357501, 2, 2
42377.000000, 6.319522, 1.058602, 1, 3
25607.000000, 8.680527, 0.086955, 3, 3
77450.000000, 14.856391, 1.129823, 1, 1
58732.000000, 2.454285, 0.222380, 1, 1
46426.000000, 7.292202, 0.548607, 3, 3
32688.000000, 8.745137, 0.857348, 3, 3
64890.000000, 8.579001, 0.683048, 1, 1
8554.000000, 2.507302, 0.869177, 2, 2
28861.000000, 11.415476, 1.505466, 3, 3
42050.000000, 4.838540, 1.680892, 1, 3
32193.000000, 10.339507, 0.583646, 3, 3
64895.000000, 6.573742, 1.151433, 1, 1
2355.000000, 6.539397, 0.462065, 2, 2
0.000000, 2.209159, 0.723567, 2, 2
70406.000000, 11.196378, 0.836326, 1, 1
57399.000000, 4.229595, 0.128253, 1, 1
41732.000000, 9.505944, 0.005273, 3, 3
11429.000000, 8.652725, 1.348934, 3, 3
75270.000000, 17.101108, 0.490712, 1, 1
5459.000000, 7.871839, 0.717662, 2, 2
73520.000000, 8.262131, 1.361646, 1, 1
40279.000000, 9.015635, 1.658555, 3, 3
21540.000000, 9.215351, 0.806762, 3, 3
17694.000000, 6.375007, 0.033678, 2, 2
22329.000000, 2.262014, 1.022169, 1, 2
46570.000000, 5.677110, 0.709469, 1, 1
42403.000000, 11.293017, 0.207976, 3, 3
33654.000000, 6.590043, 1.353117, 1, 3
9171.000000, 4.711960, 0.194167, 2, 2
28122.000000, 8.768099, 1.108041, 3, 3
34095.000000, 11.502519, 0.545097, 3, 3
1774.000000, 4.682812, 0.578112, 2, 2
40131.000000, 12.446578, 0.300754, 3, 3
13994.000000, 12.908384, 1.657722, 3, 3
77064.000000, 12.601108, 0.974527, 1, 1
11210.000000, 3.929456, 0.025466, 2, 2
6122.000000, 9.751503, 1.182050, 3, 3
15341.000000, 3.043767, 0.888168, 2, 2
44373.000000, 4.391522, 0.807100, 1, 3
28454.000000, 11.695276, 0.679015, 3, 3
63771.000000, 7.879742, 0.154263, 1, 1
9217.000000, 5.613163, 0.933632, 2, 2
69076.000000, 9.140172, 0.851300, 1, 1
24489.000000, 4.258644, 0.206892, 1, 2
16871.000000, 6.799831, 1.221171, 2, 2
39776.000000, 8.752758, 0.484418, 3, 3
5901.000000, 1.123033, 1.180352, 2, 2
40987.000000, 10.833248, 1.585426, 3, 3
7479.000000, 3.051618, 0.026781, 2, 2
38768.000000, 5.308409, 0.030683, 3, 3
4933.000000, 1.841792, 0.028099, 2, 2
32311.000000, 2.261978, 1.605603, 1, 1
26501.000000, 11.573696, 1.061347, 3, 3
37433.000000, 8.038764, 1.083910, 3, 3
23503.000000, 10.734007, 0.103715, 3, 3
68607.000000, 9.661909, 0.350772, 1, 1
27742.000000, 9.005850, 0.548737, 3, 3
11303.000000, 0.000000, 0.539131, 2, 2
0.000000, 5.757140, 1.062373, 2, 2
32729.000000, 9.164656, 1.624565, 3, 3
24619.000000, 1.318340, 1.436243, 1, 1
42414.000000, 14.075597, 0.695934, 3, 3
20210.000000, 10.107550, 1.308398, 3, 3
33225.000000, 7.960293, 1.219760, 3, 3
54483.000000, 6.317292, 0.018209, 1, 1
18475.000000, 12.664194, 0.595653, 3, 3
33926.000000, 2.906644, 0.581657, 1, 1
43865.000000, 2.388241, 0.913938, 1, 1
26547.000000, 6.024471, 0.486215, 3, 3
44404.000000, 7.226764, 1.255329, 3, 3
16674.000000, 4.183997, 1.275290, 2, 2
8123.000000, 11.850211, 1.096981, 3, 3
42747.000000, 11.661797, 1.167935, 3, 3
56054.000000, 3.574967, 0.494666, 1, 1
10933.000000, 0.000000, 0.107475, 2, 2
18121.000000, 7.937657, 0.904799, 3, 3
11272.000000, 3.365027, 1.014085, 2, 2
16297.000000, 0.000000, 0.367491, 2, 2
28168.000000, 13.860672, 1.293270, 3, 3
40963.000000, 10.306714, 1.211594, 3, 3
31685.000000, 7.228002, 0.670670, 3, 3
55164.000000, 4.508740, 1.036192, 1, 1
17595.000000, 0.366328, 0.163652, 2, 2
1862.000000, 3.299444, 0.575152, 2, 2
57087.000000, 0.573287, 0.607915, 1, 1
63082.000000, 9.183738, 0.012280, 1, 1
51213.000000, 7.842646, 1.060636, 3, 3
6487.000000, 4.750964, 0.558240, 2, 2
4805.000000, 11.438702, 1.556334, 3, 3
30302.000000, 8.243063, 1.122768, 3, 3
68680.000000, 7.949017, 0.271865, 1, 1
17591.000000, 7.875477, 0.227085, 2, 3
74391.000000, 9.569087, 0.364856, 1, 1
37217.000000, 7.750103, 0.869094, 3, 3
42814.000000, 0.000000, 1.515293, 1, 1
14738.000000, 3.396030, 0.633977, 2, 2
19896.000000, 11.916091, 0.025294, 3, 3
14673.000000, 0.460758, 0.689586, 2, 2
32011.000000, 13.087566, 0.476002, 3, 3
58736.000000, 4.589016, 1.672600, 1, 1
54744.000000, 8.397217, 1.534103, 1, 3
29482.000000, 5.562772, 1.689388, 1, 3
27698.000000, 10.905159, 0.619091, 3, 3
11443.000000, 1.311441, 1.169887, 2, 2
56117.000000, 10.647170, 0.980141, 3, 3
39514.000000, 0.000000, 0.481918, 1, 1
26627.000000, 8.503025, 0.830861, 3, 3
16525.000000, 0.436880, 1.395314, 2, 2
24368.000000, 6.127867, 1.102179, 1, 3
22160.000000, 12.112492, 0.359680, 3, 3
6030.000000, 1.264968, 1.141582, 2, 2
6468.000000, 6.067568, 1.327047, 2, 2
22945.000000, 8.010964, 1.681648, 3, 3
18520.000000, 3.791084, 0.304072, 2, 2
34914.000000, 11.773195, 1.262621, 3, 3
6121.000000, 8.339588, 1.443357, 2, 2
38063.000000, 2.563092, 1.464013, 1, 1
23410.000000, 5.954216, 0.953782, 1, 2
35073.000000, 9.288374, 0.767318, 3, 3
52914.000000, 3.976796, 1.043109, 1, 1
16801.000000, 8.585227, 1.455708, 3, 3
9533.000000, 1.271946, 0.796506, 2, 2
16721.000000, 0.000000, 0.242778, 2, 2
5832.000000, 0.000000, 0.089749, 2, 2
44591.000000, 11.521298, 0.300860, 3, 3
10143.000000, 1.139447, 0.415373, 2, 2
21609.000000, 5.699090, 1.391892, 2, 2
23817.000000, 2.449378, 1.322560, 1, 1
15640.000000, 0.000000, 1.228380, 2, 2
8847.000000, 3.168365, 0.053993, 2, 2
50939.000000, 10.428610, 1.126257, 3, 3
28521.000000, 2.943070, 1.446816, 1, 1
32901.000000, 10.441348, 0.975283, 3, 3
42850.000000, 12.478764, 1.628726, 3, 3
13499.000000, 5.856902, 0.363883, 2, 2
40345.000000, 2.476420, 0.096075, 1, 1
43547.000000, 1.826637, 0.811457, 1, 1
70758.000000, 4.324451, 0.328235, 1, 1
19780.000000, 1.376085, 1.178359, 2, 2
44484.000000, 5.342462, 0.394527, 1, 1
54462.000000, 11.835521, 0.693301, 3, 3
20085.000000, 12.423687, 1.424264, 3, 3
42291.000000, 12.161273, 0.071131, 3, 3
47550.000000, 8.148360, 1.649194, 3, 3
11938.000000, 1.531067, 1.549756, 2, 2
40699.000000, 3.200912, 0.309679, 1, 1
70908.000000, 8.862691, 0.530506, 1, 1
73989.000000, 6.370551, 0.369350, 1, 1
11872.000000, 2.468841, 0.145060, 2, 2
48463.000000, 11.054212, 0.141508, 3, 3
15987.000000, 2.037080, 0.715243, 2, 2
70036.000000, 13.364030, 0.549972, 1, 1
32967.000000, 10.249135, 0.192735, 3, 3
63249.000000, 10.464252, 1.669767, 1, 1
42795.000000, 9.424574, 0.013725, 3, 3
14459.000000, 4.458902, 0.268444, 2, 2
19973.000000, 0.000000, 0.575976, 2, 2
5494.000000, 9.686082, 1.029808, 3, 3
67902.000000, 13.649402, 1.052618, 1, 1
25621.000000, 13.181148, 0.273014, 3, 3
27545.000000, 3.877472, 0.401600, 1, 3
58656.000000, 1.413952, 0.451380, 1, 1
7327.000000, 4.248986, 1.430249, 2, 2
64555.000000, 8.779183, 0.845947, 1, 1
8998.000000, 4.156252, 0.097109, 2, 2
11752.000000, 5.580018, 0.158401, 2, 2
76319.000000, 15.040440, 1.366898, 1, 1
27665.000000, 12.793870, 1.307323, 3, 3
67417.000000, 3.254877, 0.669546, 1, 1
21808.000000, 10.725607, 0.588588, 3, 3
15326.000000, 8.256473, 0.765891, 2, 2
20057.000000, 8.033892, 1.618562, 3, 3
79341.000000, 10.702532, 0.204792, 1, 1
15636.000000, 5.062996, 1.132555, 2, 2
35602.000000, 10.772286, 0.668721, 3, 3
28544.000000, 1.892354, 0.837028, 1, 1
57663.000000, 1.019966, 0.372320, 1, 1
78727.000000, 15.546043, 0.729742, 1, 1
68255.000000, 11.638205, 0.409125, 1, 1
14964.000000, 3.427886, 0.975616, 2, 2
21835.000000, 11.246174, 1.475586, 3, 3
7487.000000, 0.000000, 0.645045, 2, 2
8700.000000, 0.000000, 1.424017, 2, 2
26226.000000, 8.242553, 0.279069, 3, 3
65899.000000, 8.700060, 0.101807, 1, 1
6543.000000, 0.812344, 0.260334, 2, 2
46556.000000, 2.448235, 1.176829, 1, 1
71038.000000, 13.230078, 0.616147, 1, 1
47657.000000, 0.236133, 0.340840, 1, 1
19600.000000, 11.155826, 0.335131, 3, 3
37422.000000, 11.029636, 0.505769, 3, 3
1363.000000, 2.901181, 1.646633, 2, 2
26535.000000, 3.924594, 1.143120, 1, 3
47707.000000, 2.524806, 1.292848, 1, 1
38055.000000, 3.527474, 1.449158, 1, 1
6286.000000, 3.384281, 0.889268, 2, 2
10747.000000, 0.000000, 1.107592, 2, 2
44883.000000, 11.898890, 0.406441, 3, 3
56823.000000, 3.529892, 1.375844, 1, 1
68086.000000, 11.442677, 0.696919, 1, 1
70242.000000, 10.308145, 0.422722, 1, 1
11409.000000, 8.540529, 0.727373, 2, 2
67671.000000, 7.156949, 1.691682, 1, 1
61238.000000, 0.720675, 0.847574, 1, 1
17774.000000, 0.229405, 1.038603, 2, 2
53376.000000, 3.399331, 0.077501, 1, 1
30930.000000, 6.157239, 0.580133, 1, 3
28987.000000, 1.239698, 0.719989, 1, 1
13655.000000, 6.036854, 0.016548, 2, 2
7227.000000, 5.258665, 0.933722, 2, 2
40409.000000, 12.393001, 1.571281, 3, 3
13605.000000, 9.627613, 0.935842, 2, 3
26400.000000, 11.130453, 0.597610, 3, 3
13491.000000, 8.842595, 0.349768, 3, 3
30232.000000, 10.690010, 1.456595, 3, 3
43253.000000, 5.714718, 1.674780, 3, 3
55536.000000, 3.052505, 1.335804, 1, 1
8807.000000, 0.000000, 0.059025, 2, 2
25783.000000, 9.945307, 1.287952, 3, 3
22812.000000, 2.719723, 1.142148, 1, 1
77826.000000, 11.154055, 1.608486, 1, 1
38172.000000, 2.687918, 0.660836, 1, 1
31676.000000, 10.037847, 0.962245, 3, 3
74038.000000, 12.404762, 1.112080, 1, 1
44738.000000, 10.237305, 0.633422, 3, 3
17410.000000, 4.745392, 0.662520, 2, 2
5688.000000, 4.639461, 1.569431, 2, 2
36642.000000, 3.149310, 0.639669, 1, 1
29956.000000, 13.406875, 1.639194, 3, 3
60350.000000, 6.068668, 0.881241, 1, 1
23758.000000, 9.477022, 0.899002, 3, 3
25780.000000, 3.897620, 0.560201, 2, 2
11342.000000, 5.463615, 1.203677, 2, 2
36109.000000, 3.369267, 1.575043, 1, 1
14292.000000, 5.234562, 0.825954, 2, 2
11160.000000, 0.000000, 0.722170, 2, 2
23762.000000, 12.979069, 0.504068, 3, 3
39567.000000, 5.376564, 0.557476, 1, 3
25647.000000, 13.527910, 1.586732, 3, 3
14814.000000, 2.196889, 0.784587, 2, 2
73590.000000, 10.691748, 0.007509, 1, 1
35187.000000, 1.659242, 0.447066, 1, 1
49459.000000, 8.369667, 0.656697, 3, 3
31657.000000, 13.157197, 0.143248, 3, 3
6259.000000, 8.199667, 0.908508, 2, 2
33101.000000, 4.441669, 0.439381, 3, 3
27107.000000, 9.846492, 0.644523, 3, 3
17824.000000, 0.019540, 0.977949, 2, 2
43536.000000, 8.253774, 0.748700, 3, 3
67705.000000, 6.038620, 1.509646, 1, 1
35283.000000, 6.091587, 1.694641, 3, 3
71308.000000, 8.986820, 1.225165, 1, 1
31054.000000, 11.508473, 1.624296, 3, 3
52387.000000, 8.807734, 0.713922, 3, 3
40328.000000, 0.000000, 0.816676, 1, 1
34844.000000, 8.889202, 1.665414, 3, 3
11607.000000, 3.178117, 0.542752, 2, 2
64306.000000, 7.013795, 0.139909, 1, 1
32721.000000, 9.605014, 0.065254, 3, 3
33170.000000, 1.230540, 1.331674, 1, 1
37192.000000, 10.412811, 0.890803, 3, 3
13089.000000, 0.000000, 0.567161, 2, 2
66491.000000, 9.699991, 0.122011, 1, 1
15941.000000, 0.000000, 0.061191, 2, 2
4272.000000, 4.455293, 0.272135, 2, 2
48812.000000, 3.020977, 1.502803, 1, 1
28818.000000, 8.099278, 0.216317, 3, 3
35394.000000, 1.157764, 1.603217, 1, 1
71791.000000, 10.105396, 0.121067, 1, 1
40668.000000, 11.230148, 0.408603, 3, 3
39580.000000, 9.070058, 0.011379, 3, 3
11786.000000, 0.566460, 0.478837, 2, 2
19251.000000, 0.000000, 0.487300, 2, 2
56594.000000, 8.956369, 1.193484, 3, 3
54495.000000, 1.523057, 0.620528, 1, 1
11844.000000, 2.749006, 0.169855, 2, 2
45465.000000, 9.235393, 0.188350, 3, 3
31033.000000, 10.555573, 0.403927, 3, 3
16633.000000, 6.956372, 1.519308, 2, 3
13887.000000, 0.636281, 1.273984, 2, 2
52603.000000, 3.574737, 0.075163, 1, 1
72000.000000, 9.032486, 1.461809, 1, 1
68497.000000, 5.958993, 0.023012, 1, 1
35135.000000, 2.435300, 1.211744, 1, 1
26397.000000, 10.539731, 1.638248, 3, 3
7313.000000, 7.646702, 0.056513, 2, 2
91273.000000, 20.919349, 0.644571, 1, 1
24743.000000, 1.424726, 0.838447, 1, 1
31690.000000, 6.748663, 0.890223, 3, 3
15432.000000, 2.289167, 0.114881, 2, 2
58394.000000, 5.548377, 0.402238, 1, 3
33962.000000, 6.057227, 0.432666, 1, 3
31442.000000, 10.828595, 0.559955, 3, 3
31044.000000, 11.318160, 0.271094, 3, 3
29938.000000, 13.265311, 0.633903, 3, 3
9875.000000, 0.000000, 1.496715, 2, 2
51542.000000, 6.517133, 0.402519, 3, 3
11878.000000, 4.934374, 1.520028, 2, 2
69241.000000, 10.151738, 0.896433, 1, 1
37776.000000, 2.425781, 1.559467, 1, 1
68997.000000, 9.778962, 1.195498, 1, 1
67416.000000, 12.219950, 0.657677, 1, 1
59225.000000, 7.394151, 0.954434, 1, 3
29138.000000, 8.518535, 0.742546, 3, 3
5962.000000, 2.798700, 0.662632, 2, 2
10847.000000, 0.637930, 0.617373, 2, 2
70527.000000, 10.750490, 0.097415, 1, 1
9610.000000, 0.625382, 0.140969, 2, 2
64734.000000, 10.027968, 0.282787, 1, 1
25941.000000, 9.817347, 0.364197, 3, 3
2763.000000, 0.646828, 1.266069, 2, 2
55601.000000, 3.347111, 0.914294, 1, 1
31128.000000, 11.816892, 0.193798, 3, 3
5181.000000, 0.000000, 1.480198, 2, 2
69982.000000, 10.945666, 0.993219, 1, 1
52440.000000, 10.244706, 0.280539, 3, 3
57350.000000, 2.579801, 1.149172, 1, 1
57869.000000, 2.630410, 0.098869, 1, 1
56557.000000, 11.746200, 1.695517, 3, 3
42342.000000, 8.104232, 1.326277, 3, 3
15560.000000, 12.409743, 0.790295, 3, 3
34826.000000, 12.167844, 1.328086, 3, 3
8569.000000, 3.198408, 0.299287, 2, 2
77623.000000, 16.055513, 0.541052, 1, 1
78184.000000, 7.138659, 0.158481, 1, 1
7036.000000, 4.831041, 0.761419, 2, 2
69616.000000, 10.082890, 1.373611, 1, 1
21546.000000, 10.066867, 0.788470, 3, 3
36715.000000, 8.129538, 0.329913, 3, 3
20522.000000, 3.012463, 1.138108, 2, 2
42349.000000, 3.720391, 0.845974, 1, 1
9037.000000, 0.773493, 1.148256, 2, 2
26728.000000, 10.962941, 1.037324, 3, 3
587.000000, 0.177621, 0.162614, 2, 2
48915.000000, 3.085853, 0.967899, 1, 1
9824.000000, 8.426781, 0.202558, 2, 2
4135.000000, 1.825927, 1.128347, 2, 2
9666.000000, 2.185155, 1.010173, 2, 2
59333.000000, 7.184595, 1.261338, 1, 1
36198.000000, 0.000000, 0.116525, 1, 1
34909.000000, 8.901752, 1.033527, 3, 3
47516.000000, 2.451497, 1.358795, 1, 1
55807.000000, 3.213631, 0.432044, 1, 1
14036.000000, 3.974739, 0.723929, 2, 2
42856.000000, 9.601306, 0.619232, 3, 3
64007.000000, 8.363897, 0.445341, 1, 1
59428.000000, 6.381484, 1.365019, 1, 1
13730.000000, 0.000000, 1.403914, 2, 2
41740.000000, 9.609836, 1.438105, 3, 3
63546.000000, 9.904741, 0.985862, 1, 1
30417.000000, 7.185807, 1.489102, 3, 3
69636.000000, 5.466703, 1.216571, 1, 1
64660.000000, 0.000000, 0.915898, 1, 1
14883.000000, 4.575443, 0.535671, 2, 2
7965.000000, 3.277076, 1.010868, 2, 2
68620.000000, 10.246623, 1.239634, 1, 1
8738.000000, 2.341735, 1.060235, 2, 2
7544.000000, 3.201046, 0.498843, 2, 2
6377.000000, 6.066013, 0.120927, 2, 2
36842.000000, 8.829379, 0.895657, 3, 3
81046.000000, 15.833048, 1.568245, 1, 1
67736.000000, 13.516711, 1.220153, 1, 1
32492.000000, 0.664284, 1.116755, 1, 1
39299.000000, 6.325139, 0.605109, 3, 3
77289.000000, 8.677499, 0.344373, 1, 1
33835.000000, 8.188005, 0.964896, 3, 3
71890.000000, 9.414263, 0.384030, 1, 1
32054.000000, 9.196547, 1.138253, 3, 3
38579.000000, 10.202968, 0.452363, 3, 3
55984.000000, 2.119439, 1.481661, 1, 1
72694.000000, 13.635078, 0.858314, 1, 1
42299.000000, 0.083443, 0.701669, 1, 1
26635.000000, 9.149096, 1.051446, 3, 3
8579.000000, 1.933803, 1.374388, 2, 2
37302.000000, 14.115544, 0.676198, 3, 3
22878.000000, 8.933736, 0.943352, 3, 3
4364.000000, 2.661254, 0.946117, 2, 2
4985.000000, 0.988432, 1.305027, 2, 2
37068.000000, 2.063741, 1.125946, 1, 1
41137.000000, 2.220590, 0.690754, 1, 1
67759.000000, 6.424849, 0.806641, 1, 1
11831.000000, 1.156153, 1.613674, 2, 2
34502.000000, 3.032720, 0.601847, 1, 1
4088.000000, 3.076828, 0.952089, 2, 2
15199.000000, 0.000000, 0.318105, 2, 2
17309.000000, 7.750480, 0.554015, 3, 3
42816.000000, 10.958135, 1.482500, 3, 3
43751.000000, 10.222018, 0.488678, 3, 3
58335.000000, 2.367988, 0.435741, 1, 1
75039.000000, 7.686054, 1.381455, 1, 1
42878.000000, 11.464879, 1.481589, 3, 3
42770.000000, 11.075735, 0.089726, 3, 3
8848.000000, 3.543989, 0.345853, 2, 2
31340.000000, 8.123889, 1.282880, 3, 3
41413.000000, 4.331769, 0.754467, 3, 3
12731.000000, 0.120865, 1.211961, 2, 2
22447.000000, 6.116109, 0.701523, 3, 3
33564.000000, 7.474534, 0.505790, 3, 3
48907.000000, 8.819454, 0.649292, 3, 3
8762.000000, 6.802144, 0.615284, 2, 2
46696.000000, 12.666325, 0.931960, 3, 3
36851.000000, 8.636180, 0.399333, 3, 3
67639.000000, 11.730991, 1.289833, 1, 1
171.000000, 8.132449, 0.039062, 2, 2
26674.000000, 10.296589, 1.496144, 3, 3
8739.000000, 7.583906, 1.005764, 2, 2
66668.000000, 9.777806, 0.496377, 1, 1
68732.000000, 8.833546, 0.513876, 1, 1
69995.000000, 4.907899, 1.518036, 1, 1
82008.000000, 8.362736, 1.285939, 1, 1
25054.000000, 9.084726, 1.606312, 3, 3
33085.000000, 14.164141, 0.560970, 3, 3
41379.000000, 9.080683, 0.989920, 3, 3
39417.000000, 6.522767, 0.038548, 3, 3
12556.000000, 3.690342, 0.462281, 2, 2
39432.000000, 3.563706, 0.242019, 1, 1
38010.000000, 1.065870, 1.141569, 1, 1
69306.000000, 6.683796, 1.456317, 1, 1
38000.000000, 1.712874, 0.243945, 1, 1
46321.000000, 13.109929, 1.280111, 3, 3
66293.000000, 11.327910, 0.780977, 1, 1
22730.000000, 4.545711, 1.233254, 1, 2
5952.000000, 3.367889, 0.468104, 2, 2
72308.000000, 8.326224, 0.567347, 1, 1
60338.000000, 8.978339, 1.442034, 1, 1
13301.000000, 5.655826, 1.582159, 2, 2
27884.000000, 8.855312, 0.570684, 3, 3
11188.000000, 6.649568, 0.544233, 2, 2
56796.000000, 3.966325, 0.850410, 1, 1
8571.000000, 1.924045, 1.664782, 2, 2
4914.000000, 6.004812, 0.280369, 2, 2
10784.000000, 0.000000, 0.375849, 2, 2
39296.000000, 9.923018, 0.092192, 3, 3
13113.000000, 2.389084, 0.119284, 2, 2
70204.000000, 13.663189, 0.133251, 1, 1
46813.000000, 11.434976, 0.321216, 3, 3
11697.000000, 0.358270, 1.292858, 2, 2
44183.000000, 9.598873, 0.223524, 3, 3
2225.000000, 6.375275, 0.608040, 2, 2
29066.000000, 11.580532, 0.458401, 3, 3
4245.000000, 5.319324, 1.598070, 2, 2
34379.000000, 4.324031, 1.603481, 1, 1
44441.000000, 2.358370, 1.273204, 1, 1
2022.000000, 0.000000, 1.182708, 2, 2
26866.000000, 12.824376, 0.890411, 3, 3
57070.000000, 1.587247, 1.456982, 1, 1
32932.000000, 8.510324, 1.520683, 3, 3
51967.000000, 10.428884, 1.187734, 3, 3
44432.000000, 8.346618, 0.042318, 3, 3
67066.000000, 7.541444, 0.809226, 1, 1
17262.000000, 2.540946, 1.583286, 2, 2
79728.000000, 9.473047, 0.692513, 1, 1
14259.000000, 0.352284, 0.474080, 2, 2
6122.000000, 0.000000, 0.589826, 2, 2
76879.000000, 12.405171, 0.567201, 1, 1
11426.000000, 4.126775, 0.871452, 2, 2
2493.000000, 0.034087, 0.335848, 2, 2
19910.000000, 1.177634, 0.075106, 2, 2
10939.000000, 0.000000, 0.479996, 2, 2
17716.000000, 0.994909, 0.611135, 2, 2
31390.000000, 11.053664, 1.180117, 3, 3
20375.000000, 0.000000, 1.679729, 2, 2
26309.000000, 2.495011, 1.459589, 1, 1
33484.000000, 11.516831, 0.001156, 3, 3
45944.000000, 9.213215, 0.797743, 3, 3
4249.000000, 5.332865, 0.109288, 2, 2
6089.000000, 0.000000, 1.689771, 2, 2
7513.000000, 0.000000, 1.126053, 2, 2
27862.000000, 12.640062, 1.690903, 3, 3
39038.000000, 2.693142, 1.317518, 1, 1
19218.000000, 3.328969, 0.268271, 2, 2
62911.000000, 7.193166, 1.117456, 1, 1
77758.000000, 6.615512, 1.521012, 1, 1
27940.000000, 8.000567, 0.835341, 3, 3
2194.000000, 4.017541, 0.512104, 2, 2
37072.000000, 13.245859, 0.927465, 3, 3
15585.000000, 5.970616, 0.813624, 2, 2
25577.000000, 11.668719, 0.886902, 3, 3
8777.000000, 4.283237, 1.272728, 2, 2
29016.000000, 10.742963, 0.971401, 3, 3
21910.000000, 12.326672, 1.592608, 3, 3
12916.000000, 0.000000, 0.344622, 2, 2
10976.000000, 0.000000, 0.922846, 2, 2
79065.000000, 10.602095, 0.573686, 1, 1
36759.000000, 10.861859, 1.155054, 3, 3
50011.000000, 1.229094, 1.638690, 1, 1
1155.000000, 0.410392, 1.313401, 2, 2
71600.000000, 14.552711, 0.616162, 1, 1
30817.000000, 14.178043, 0.616313, 3, 3
54559.000000, 14.136260, 0.362388, 1, 3
29764.000000, 0.093534, 1.207194, 1, 1
69100.000000, 10.929021, 0.403110, 1, 1
47324.000000, 11.432919, 0.825959, 3, 3
73199.000000, 9.134527, 0.586846, 1, 1
44461.000000, 5.071432, 1.421420, 1, 1
45617.000000, 11.460254, 1.541749, 3, 3
28221.000000, 11.620039, 1.103553, 3, 3
7091.000000, 4.022079, 0.207307, 2, 2
6110.000000, 3.057842, 1.631262, 2, 2
79016.000000, 7.782169, 0.404385, 1, 1
18289.000000, 7.981741, 0.929789, 3, 3
43679.000000, 4.601363, 0.268326, 1, 1
22075.000000, 2.595564, 1.115375, 1, 1
23535.000000, 10.049077, 0.391045, 3, 3
25301.000000, 3.265444, 1.572970, 2, 2
32256.000000, 11.780282, 1.511014, 3, 3
36951.000000, 3.075975, 0.286284, 1, 1
31290.000000, 1.795307, 0.194343, 1, 1
38953.000000, 11.106979, 0.202415, 3, 3
35257.000000, 5.994413, 0.800021, 1, 3
25847.000000, 9.706062, 1.012182, 3, 3
32680.000000, 10.582992, 0.836025, 3, 3
62018.000000, 7.038266, 1.458979, 1, 1
9074.000000, 0.023771, 0.015314, 2, 2
33004.000000, 12.823982, 0.676371, 3, 3
44588.000000, 3.617770, 0.493483, 1, 1
32565.000000, 8.346684, 0.253317, 3, 3
38563.000000, 6.104317, 0.099207, 1, 3
75668.000000, 16.207776, 0.584973, 1, 1
9069.000000, 6.401969, 1.691873, 2, 2
53395.000000, 2.298696, 0.559757, 1, 1
28631.000000, 7.661515, 0.055981, 3, 3
71036.000000, 6.353608, 1.645301, 1, 1
71142.000000, 10.442780, 0.335870, 1, 1
37653.000000, 3.834509, 1.346121, 1, 1
76839.000000, 10.998587, 0.584555, 1, 1
9916.000000, 2.695935, 1.512111, 2, 2
38889.000000, 3.356646, 0.324230, 1, 1
39075.000000, 14.677836, 0.793183, 3, 3
48071.000000, 1.551934, 0.130902, 1, 1
7275.000000, 2.464739, 0.223502, 2, 2
41804.000000, 1.533216, 1.007481, 1, 1
35665.000000, 12.473921, 0.162910, 3, 3
67956.000000, 6.491596, 0.032576, 1, 1
41892.000000, 10.506276, 1.510747, 3, 3
38844.000000, 4.380388, 0.748506, 1, 3
74197.000000, 13.670988, 1.687944, 1, 1
14201.000000, 8.317599, 0.390409, 2, 3
3908.000000, 0.000000, 0.556245, 2, 2
2459.000000, 0.000000, 0.290218, 2, 2
32027.000000, 10.095799, 1.188148, 3, 3
12870.000000, 0.860695, 1.482632, 2, 2
9880.000000, 1.557564, 0.711278, 2, 2
72784.000000, 10.072779, 0.756030, 1, 1
17521.000000, 0.000000, 0.431468, 2, 2
50283.000000, 7.140817, 0.883813, 3, 3
33536.000000, 11.384548, 1.438307, 3, 3
9452.000000, 3.214568, 1.083536, 2, 2
37457.000000, 11.720655, 0.301636, 3, 3
17724.000000, 6.374475, 1.475925, 3, 3
43869.000000, 5.749684, 0.198875, 3, 3
264.000000, 3.871808, 0.552602, 2, 2
25736.000000, 8.336309, 0.636238, 3, 3
39584.000000, 9.710442, 1.503735, 3, 3
31246.000000, 1.532611, 1.433898, 1, 1
49567.000000, 9.785785, 0.984614, 3, 3
7052.000000, 2.633627, 1.097866, 2, 2
35493.000000, 9.238935, 0.494701, 3, 3
10986.000000, 1.205656, 1.398803, 2, 2
49508.000000, 3.124909, 1.670121, 1, 1
5734.000000, 7.935489, 1.585044, 2, 2
65479.000000, 12.746636, 1.560352, 1, 1
77268.000000, 10.732563, 0.545321, 1, 1
28490.000000, 3.977403, 0.766103, 1, 1
13546.000000, 4.194426, 0.450663, 2, 2
37166.000000, 9.610286, 0.142912, 3, 3
16381.000000, 4.797555, 1.260455, 2, 2
10848.000000, 1.615279, 0.093002, 2, 2
35405.000000, 4.614771, 1.027105, 1, 1
15917.000000, 0.000000, 1.369726, 2, 2
6131.000000, 0.608457, 0.512220, 2, 2
67432.000000, 6.558239, 0.667579, 1, 1
30354.000000, 12.315116, 0.197068, 3, 3
69696.000000, 7.014973, 1.494616, 1, 1
33481.000000, 8.822304, 1.194177, 3, 3
43075.000000, 10.086796, 0.570455, 3, 3
38343.000000, 7.241614, 1.661627, 3, 3
14318.000000, 4.602395, 1.511768, 2, 2
5367.000000, 7.434921, 0.079792, 2, 2
37894.000000, 10.467570, 1.595418, 3, 3
36172.000000, 9.948127, 0.003663, 3, 3
40123.000000, 2.478529, 1.568987, 1, 1
10976.000000, 5.938545, 0.878540, 2, 2
12705.000000, 0.000000, 0.948004, 2, 2
12495.000000, 5.559181, 1.357926, 2, 2
35681.000000, 9.776654, 0.535966, 3, 3
46202.000000, 3.092056, 0.490906, 1, 1
11505.000000, 0.000000, 1.623311, 2, 2
22834.000000, 4.459495, 0.538867, 1, 2
49901.000000, 8.334306, 1.646600, 3, 3
71932.000000, 11.226654, 0.384686, 1, 1
13279.000000, 3.904737, 1.597294, 2, 2
49112.000000, 7.038205, 1.211329, 3, 3
77129.000000, 9.836120, 1.054340, 1, 1
37447.000000, 1.990976, 0.378081, 1, 1
62397.000000, 9.005302, 0.485385, 1, 1
0.000000, 1.772510, 1.039873, 2, 2
15476.000000, 0.458674, 0.819560, 2, 2
40625.000000, 10.003919, 0.231658, 3, 3
36706.000000, 0.520807, 1.476008, 1, 1
28580.000000, 10.678214, 1.431837, 3, 3
25862.000000, 4.425992, 1.363842, 1, 2
63488.000000, 12.035355, 0.831222, 1, 1
33944.000000, 10.606732, 1.253858, 3, 3
30099.000000, 1.568653, 0.684264, 1, 1
13725.000000, 2.545434, 0.024271, 2, 2
36768.000000, 10.264062, 0.982593, 3, 3
64656.000000, 9.866276, 0.685218, 1, 1
14927.000000, 0.142704, 0.057455, 2, 2
43231.000000, 9.853270, 1.521432, 3, 3
66087.000000, 6.596604, 1.653574, 1, 1
19806.000000, 2.602287, 1.321481, 2, 2
41081.000000, 10.411776, 0.664168, 3, 3
10277.000000, 7.083449, 0.622589, 2, 2
7014.000000, 2.080068, 1.254441, 2, 2
17275.000000, 0.522844, 1.622458, 2, 2
31600.000000, 10.362000, 1.544827, 3, 3
59956.000000, 3.412967, 1.035410, 1, 1
42181.000000, 6.796548, 1.112153, 3, 3
51743.000000, 4.092035, 0.075804, 1, 1
5194.000000, 2.763811, 1.564325, 2, 2
30832.000000, 12.547439, 1.402443, 3, 3
7976.000000, 5.708052, 1.596152, 2, 2
14602.000000, 4.558025, 0.375806, 2, 2
41571.000000, 11.642307, 0.438553, 3, 3
55028.000000, 3.222443, 0.121399, 1, 1
5837.000000, 4.736156, 0.029871, 2, 2
39808.000000, 10.839526, 0.836323, 3, 3
20944.000000, 4.194791, 0.235483, 2, 2
22146.000000, 14.936259, 0.888582, 3, 3
42169.000000, 3.310699, 1.521855, 1, 1
7010.000000, 2.971931, 0.034321, 2, 2
3807.000000, 9.261667, 0.537807, 2, 2
29241.000000, 7.791833, 1.111416, 3, 3
52696.000000, 1.480470, 1.028750, 1, 1
42545.000000, 3.677287, 0.244167, 1, 1
24437.000000, 2.202967, 1.370399, 1, 1
16037.000000, 5.796735, 0.935893, 2, 2
8493.000000, 3.063333, 0.144089, 2, 2
68080.000000, 11.233094, 0.492487, 1, 1
59016.000000, 1.965570, 0.005697, 1, 1
11810.000000, 8.616719, 0.137419, 2, 2
68630.000000, 6.609989, 1.083505, 1, 1
7629.000000, 1.712639, 1.086297, 2, 2
71992.000000, 10.117445, 1.299319, 1, 1
13398.000000, 0.000000, 1.104178, 2, 2
26241.000000, 9.824777, 1.346821, 3, 3
11160.000000, 1.653089, 0.980949, 2, 2
76701.000000, 18.178822, 1.473671, 1, 1
32174.000000, 6.781126, 0.885340, 3, 3
45043.000000, 8.206750, 1.549223, 3, 3
42173.000000, 10.081853, 1.376745, 3, 3
69801.000000, 6.288742, 0.112799, 1, 1
41737.000000, 3.695937, 1.543589, 1, 1
46979.000000, 6.726151, 1.069380, 3, 3
79267.000000, 12.969999, 1.568223, 1, 1
4615.000000, 2.661390, 1.531933, 2, 2
32907.000000, 7.072764, 1.117386, 3, 3
37444.000000, 9.123366, 1.318988, 3, 3
569.000000, 3.743946, 1.039546, 2, 2
8723.000000, 2.341300, 0.219361, 2, 2
6024.000000, 0.541913, 0.592348, 2, 2
52252.000000, 2.310828, 1.436753, 1, 1
8358.000000, 6.226597, 1.427316, 2, 2
26166.000000, 7.277876, 0.489252, 3, 3
18471.000000, 0.000000, 0.389459, 2, 2
3386.000000, 7.218221, 1.098828, 2, 2
41544.000000, 8.777129, 1.111464, 3, 3
10480.000000, 2.813428, 0.819419, 2, 2
5894.000000, 2.268766, 1.412130, 2, 2
7273.000000, 6.283627, 0.571292, 2, 2
22272.000000, 7.520081, 1.626868, 3, 3
31369.000000, 11.739225, 0.027138, 3, 3
10708.000000, 3.746883, 0.877350, 2, 2
69364.000000, 12.089835, 0.521631, 1, 1
37760.000000, 12.310404, 0.259339, 3, 3
13004.000000, 0.000000, 0.671355, 2, 2
37885.000000, 2.728800, 0.331502, 1, 1
52555.000000, 10.814342, 0.607652, 3, 3
38997.000000, 12.170268, 0.844205, 3, 3
69698.000000, 6.698371, 0.240084, 1, 1
11783.000000, 3.632672, 1.643479, 2, 2
47636.000000, 10.059991, 0.892361, 3, 3
15744.000000, 1.887674, 0.756162, 2, 2
69058.000000, 8.229125, 0.195886, 1, 1
33057.000000, 7.817082, 0.476102, 3, 3
28681.000000, 12.277230, 0.076805, 3, 3
34042.000000, 10.055337, 1.115778, 3, 3
29928.000000, 3.596002, 1.485952, 1, 1
9734.000000, 2.755530, 1.420655, 2, 2
7344.000000, 7.780991, 0.513048, 2, 2
7387.000000, 0.093705, 0.391834, 2, 2
33957.000000, 8.481567, 0.520078, 3, 3
9936.000000, 3.865584, 0.110062, 2, 2
36094.000000, 9.683709, 0.779984, 3, 3
39835.000000, 10.617255, 1.359970, 3, 3
64486.000000, 7.203216, 1.624762, 1, 1
0.000000, 7.601414, 1.215605, 2, 2
39539.000000, 1.386107, 1.417070, 1, 1
66972.000000, 9.129253, 0.594089, 1, 1
15029.000000, 1.363447, 0.620841, 2, 2
44909.000000, 3.181399, 0.359329, 1, 1
38183.000000, 13.365414, 0.217011, 3, 3
37372.000000, 4.207717, 1.289767, 1, 1
0.000000, 4.088395, 0.870075, 2, 2
17786.000000, 3.327371, 1.142505, 2, 2
39055.000000, 1.303323, 1.235650, 1, 1
37045.000000, 7.999279, 1.581763, 3, 3
6435.000000, 2.217488, 0.864536, 2, 2
72265.000000, 7.751808, 0.192451, 1, 1
28152.000000, 14.149305, 1.591532, 3, 3
25931.000000, 8.765721, 0.152808, 3, 3
7538.000000, 3.408996, 0.184896, 2, 2
1315.000000, 1.251021, 0.112340, 2, 2
12292.000000, 6.160619, 1.537165, 2, 2
49248.000000, 1.034538, 1.585162, 1, 1
9025.000000, 0.000000, 1.034635, 2, 2
13438.000000, 2.355051, 0.542603, 2, 2
69683.000000, 6.614543, 0.153771, 1, 1
25374.000000, 10.245062, 1.450903, 3, 3
55264.000000, 3.467074, 1.231019, 1, 1
38324.000000, 7.487678, 1.572293, 3, 3
69643.000000, 4.624115, 1.185192, 1, 1
44058.000000, 8.995957, 1.436479, 3, 3
41316.000000, 11.564476, 0.007195, 3, 3
29119.000000, 3.440948, 0.078331, 1, 1
51656.000000, 1.673603, 0.732746, 1, 1
3030.000000, 4.719341, 0.699755, 2, 2
35695.000000, 10.304798, 1.576488, 3, 3
1537.000000, 2.086915, 1.199312, 2, 2
9083.000000, 6.338220, 1.131305, 2, 2
47744.000000, 8.254926, 0.710694, 3, 3
71372.000000, 16.067108, 0.974142, 1, 1
37980.000000, 1.723201, 0.310488, 1, 1
42385.000000, 3.785045, 0.876904, 1, 1
22687.000000, 2.557561, 0.123738, 1, 2
39512.000000, 9.852220, 1.095171, 3, 3
11885.000000, 3.679147, 1.557205, 2, 2
4944.000000, 9.789681, 0.852971, 2, 3
73230.000000, 14.958998, 0.526707, 1, 1
17585.000000, 11.182148, 1.288459, 3, 3
68737.000000, 7.528533, 1.657487, 1, 1
13818.000000, 5.253802, 1.378603, 2, 2
31662.000000, 13.946752, 1.426657, 3, 3
86686.000000, 15.557263, 1.430029, 1, 1
43214.000000, 12.483550, 0.688513, 3, 3
24091.000000, 2.317302, 1.411137, 1, 1
52544.000000, 10.069724, 0.766119, 3, 3
61861.000000, 5.792231, 1.615483, 1, 1
47903.000000, 4.138435, 0.475994, 1, 1
37190.000000, 12.929517, 0.304378, 3, 3
6013.000000, 9.378238, 0.307392, 2, 2
27223.000000, 8.361362, 1.643204, 3, 3
69027.000000, 7.939406, 1.325042, 1, 1
78642.000000, 10.735384, 0.705788, 1, 1
30254.000000, 11.592723, 0.286188, 3, 3
21704.000000, 10.098356, 0.704748, 3, 3
34985.000000, 9.299025, 0.545337, 3, 3
31316.000000, 11.158297, 0.218067, 3, 3
76368.000000, 16.143900, 0.558388, 1, 1
27953.000000, 10.971700, 1.221787, 3, 3
152.000000, 0.000000, 0.681478, 2, 2
9146.000000, 3.178961, 1.292692, 2, 2
75346.000000, 17.625350, 0.339926, 1, 1
26376.000000, 1.995833, 0.267826, 1, 1
35255.000000, 10.640467, 0.416181, 3, 3
19198.000000, 9.628339, 0.985462, 3, 3
12518.000000, 4.662664, 0.495403, 2, 2
25453.000000, 5.754047, 1.382742, 2, 2
12530.000000, 0.000000, 0.037146, 2, 2
62230.000000, 9.334332, 0.198118, 1, 1
9517.000000, 3.846162, 0.619968, 2, 2
71161.000000, 10.685084, 0.678179, 1, 1
1593.000000, 4.752134, 0.359205, 2, 2
33794.000000, 0.697630, 0.966786, 1, 1
39710.000000, 10.365836, 0.505898, 3, 3
16941.000000, 0.461478, 0.352865, 2, 2
69209.000000, 11.339537, 1.068740, 1, 1
4446.000000, 5.420280, 0.127310, 2, 2
9347.000000, 3.469955, 1.619947, 2, 2
55635.000000, 8.517067, 0.994858, 3, 3
65889.000000, 8.306512, 0.413690, 1, 1
10753.000000, 2.628690, 0.444320, 2, 2
7055.000000, 0.000000, 0.802985, 2, 2
7905.000000, 0.000000, 1.170397, 2, 2
53447.000000, 7.298767, 1.582346, 3, 3
9194.000000, 7.331319, 1.277988, 2, 2
61914.000000, 9.392269, 0.151617, 1, 1
15630.000000, 5.541201, 1.180596, 2, 2
79194.000000, 15.149460, 0.537540, 1, 1
12268.000000, 5.515189, 0.250562, 2, 2
33682.000000, 7.728898, 0.920494, 3, 3
26080.000000, 11.318785, 1.510979, 3, 3
19119.000000, 3.574709, 1.531514, 2, 2
30902.000000, 7.350965, 0.026332, 3, 3
63039.000000, 7.122363, 1.630177, 1, 1
51136.000000, 1.828412, 1.013702, 1, 1
35262.000000, 10.117989, 1.156862, 3, 3
42776.000000, 11.309897, 0.086291, 3, 3
64191.000000, 8.342034, 1.388569, 1, 1
15436.000000, 0.241714, 0.715577, 2, 2
14402.000000, 10.482619, 1.694972, 2, 3
6341.000000, 9.289510, 1.428879, 2, 2
14113.000000, 4.269419, 0.134181, 2, 2
6390.000000, 0.000000, 0.189456, 2, 2
8794.000000, 0.817119, 0.143668, 2, 2
43432.000000, 1.508394, 0.652651, 1, 1
38334.000000, 9.359918, 0.052262, 3, 3
34068.000000, 10.052333, 0.550423, 3, 3
30819.000000, 11.111660, 0.989159, 3, 3
22239.000000, 11.265971, 0.724054, 3, 3
28725.000000, 10.383830, 0.254836, 3, 3
57071.000000, 3.878569, 1.377983, 1, 1
72420.000000, 13.679237, 0.025346, 1, 1
28294.000000, 10.526846, 0.781569, 3, 3
9896.000000, 0.000000, 0.924198, 2, 2
65821.000000, 4.106727, 1.085669, 1, 1
7645.000000, 8.118856, 1.470686, 2, 2
71289.000000, 7.796874, 0.052336, 1, 1
5128.000000, 2.789669, 1.093070, 2, 2
13711.000000, 6.226962, 0.287251, 2, 2
22240.000000, 10.169548, 1.660104, 3, 3
15092.000000, 0.000000, 1.370549, 2, 2
5017.000000, 7.513353, 0.137348, 2, 2
10141.000000, 8.240793, 0.099735, 2, 2
35570.000000, 14.612797, 1.247390, 3, 3
46893.000000, 3.562976, 0.445386, 1, 1
8178.000000, 3.230482, 1.331698, 2, 2
55783.000000, 3.612548, 1.551911, 1, 1
1148.000000, 0.000000, 0.332365, 2, 2
10062.000000, 3.931299, 0.487577, 2, 2
74124.000000, 14.752342, 1.155160, 1, 1
66603.000000, 10.261887, 1.628085, 1, 1
11893.000000, 2.787266, 1.570402, 2, 2
50908.000000, 15.112319, 1.324132, 3, 3
39891.000000, 5.184553, 0.223382, 3, 3
65915.000000, 3.868359, 0.128078, 1, 1
65678.000000, 3.507965, 0.028904, 1, 1
62996.000000, 11.019254, 0.427554, 1, 1
36851.000000, 3.812387, 0.655245, 1, 1
36669.000000, 11.056784, 0.378725, 3, 3
38876.000000, 8.826880, 1.002328, 3, 3
26878.000000, 11.173861, 1.478244, 3, 3
46246.000000, 11.506465, 0.421993, 3, 3
12761.000000, 7.798138, 0.147917, 3, 3
35282.000000, 10.155081, 1.370039, 3, 3
68306.000000, 10.645275, 0.693453, 1, 1
31262.000000, 9.663200, 1.521541, 3, 3
34754.000000, 10.790404, 1.312679, 3, 3
13408.000000, 2.810534, 0.219962, 2, 2
30365.000000, 9.825999, 1.388500, 3, 3
10709.000000, 1.421316, 0.677603, 2, 2
24332.000000, 11.123219, 0.809107, 3, 3
45517.000000, 13.402206, 0.661524, 3, 3
6178.000000, 1.212255, 0.836807, 2, 2
10639.000000, 1.568446, 1.297469, 2, 2
29613.000000, 3.343473, 1.312266, 1, 1
22392.000000, 5.400155, 0.193494, 1, 1
51126.000000, 3.818754, 0.590905, 1, 1
53644.000000, 7.973845, 0.307364, 3, 3
51417.000000, 9.078824, 0.734876, 3, 3
24859.000000, 0.153467, 0.766619, 1, 1
61732.000000, 8.325167, 0.028479, 1, 1
71128.000000, 7.092089, 1.216733, 1, 1
27276.000000, 5.192485, 1.094409, 3, 3
30453.000000, 10.340791, 1.087721, 3, 3
18670.000000, 2.077169, 1.019775, 2, 2
70600.000000, 10.151966, 0.993105, 1, 1
12683.000000, 0.046826, 0.809614, 2, 2
81597.000000, 11.221874, 1.395015, 1, 1
69959.000000, 14.497963, 1.019254, 1, 1
8124.000000, 3.554508, 0.533462, 2, 2
18867.000000, 3.522673, 0.086725, 2, 2
80886.000000, 14.531655, 0.380172, 1, 1
55895.000000, 3.027528, 0.885457, 1, 1
31587.000000, 1.845967, 0.488985, 1, 1
10591.000000, 10.226164, 0.804403, 3, 3
70096.000000, 10.965926, 1.212328, 1, 1
53151.000000, 2.129921, 1.477378, 1, 1
11992.000000, 0.000000, 1.606849, 2, 2
33114.000000, 9.489005, 0.827814, 3, 3
7413.000000, 0.000000, 1.020797, 2, 2
10583.000000, 0.000000, 1.270167, 2, 2
58668.000000, 6.556676, 0.055183, 1, 1
35018.000000, 9.959588, 0.060020, 3, 3
70843.000000, 7.436056, 1.479856, 1, 1
14011.000000, 0.404888, 0.459517, 2, 2
35015.000000, 9.952942, 1.650279, 3, 3
70839.000000, 15.600252, 0.021935, 1, 1
3024.000000, 2.723846, 0.387455, 2, 2
5526.000000, 0.513866, 1.323448, 2, 2
5113.000000, 0.000000, 0.861859, 2, 2
20851.000000, 7.280602, 1.438470, 2, 3
40999.000000, 9.161978, 1.110180, 3, 3
15823.000000, 0.991725, 0.730979, 2, 2
35432.000000, 7.398380, 0.684218, 3, 3
53711.000000, 12.149747, 1.389088, 3, 3
64371.000000, 9.149678, 0.874905, 1, 1
9289.000000, 9.666576, 1.370330, 2, 2
60613.000000, 3.620110, 0.287767, 1, 1
18338.000000, 5.238800, 1.253646, 2, 2
22845.000000, 14.715782, 1.503758, 3, 3
74676.000000, 14.445740, 1.211160, 1, 1
34143.000000, 13.609528, 0.364240, 3, 3
14153.000000, 3.141585, 0.424280, 2, 2
9327.000000, 0.000000, 0.120947, 2, 2
18991.000000, 0.454750, 1.033280, 2, 2
9193.000000, 0.510310, 0.016395, 2, 2
2285.000000, 3.864171, 0.616349, 2, 2
9493.000000, 6.724021, 0.563044, 2, 2
2371.000000, 4.289375, 0.012563, 2, 2
13963.000000, 0.000000, 1.437030, 2, 2
2299.000000, 3.733617, 0.698269, 2, 2
5262.000000, 2.002589, 1.380184, 2, 2
4659.000000, 2.502627, 0.184223, 2, 2
17582.000000, 6.382129, 0.876581, 2, 2
27750.000000, 8.546741, 0.128706, 3, 3
9868.000000, 2.694977, 0.432818, 2, 2
18333.000000, 3.951256, 0.333300, 2, 2
3780.000000, 9.856183, 0.329181, 2, 2
18190.000000, 2.068962, 0.429927, 2, 2
11145.000000, 3.410627, 0.631838, 2, 2
68846.000000, 9.974715, 0.669787, 1, 1
26575.000000, 10.650102, 0.866627, 3, 3
48111.000000, 9.134528, 0.728045, 3, 3
43757.000000, 7.882601, 1.332446, 3, 3
